{
    "weights": [
        -3.1238095238095256,
        0.8,
        0.4,
        0.6,
        0.2999999999999998,
        0.9
    ],
    "biases": [
        0,
        0,
        0
    ]
}