{"weights":[-2.984426930132549,0.8,0.4,0.6,0.3,0.9],"biases":[3.885780586188048e-16,0,0]}