{"layer_0":{"neuron_0":[[],0]},"layer_1":{"neuron_1":[[0.12637809497505703],0.7978302558482736],"neuron_2":[[0.20039676493470193],0.5651642738378329],"neuron_3":[[0.5824130446471768],0.4202486008674725],"neuron_4":[[0.7465141596146746],0.34825362704047635]},"layer_2":{"neuron_5":[[0.8197501786130734,0.1638850399363515,0.10995515551312607,0.06345098326345233],0.9680571495261879],"neuron_6":[[0.13829844439234162,0.16447399757463388,0.9012109199876324,0.6785008711264076],0.44076322111422006]}}