{"weights":[1.110223024625157e-16,0.9999999999999998,-1.3877787807814457e-16,-0.9999999999999998],"biases":[0.0,1.0]}