{"weights":[-0.1524273151192025,-0.22861780066970486,-0.1333883859165789,-0.1680636643499737,-0.39273172916661875,-0.8885655072674195,-6.004666349114828,0.13589554856787978,0.32296027135764027,-78.17531234175048,-142.85156270782824,-49.09379084041789,-94.47421706042289,-139.25866334186586,-192.20067923423352,-176.4057411839949,0.45269321769647264,0.6971175677370417,0.17384456509066815,0.13799465562326219,0.7179773821211917,0.4499081182052558,0.8494024828131563,0.975054152024389,0.9643122995215784,0.20126437043537682,0.37933500869885317,-119.60814063804388,-130.73750756033786,-96.30795314311325,-152.76787356311718,-190.89092978299863,-275.2866338347368,-147.33581156705617,0.5951272428912743,0.3220603251010665,0.2759342763782494,0.9405811661107147,0.08712100716571958,0.9796271564196963,0.37334339597193067,0.03273668116827988,0.682767412781703,0.16371115502738687,0.51078495200729,0.3099524408483576,0.999085489307034,0.04728480373413657,0.2871712267700379,0.28845753184332146,0.5995861564566516,0.9169435269139503,0.8141754274524078,0.42533146898231855,0.8203054579195771,0.46585962129862657,0.44329988946312615,0.4583064782594152,0.9489111983349486,0.3916273253742889,0.4435710909565863,0.2803215991655963,0.7355687448736778,0.019687881481021186,0.903750626467477,0.09791375545918313,0.2370294391515766,0.40684234629245597,0.8512632193191381,0.16908416766188272,0.20137499683365534,0.8563641437475009,0.5591647151918109,0.06509981781244811,0.5361728119198659,0.6298931771102309,0.018833434926765813,0.8228788680085185,0.2729397018347177,0.6334977605276553,0.9184990690659403,0.8074638485025555,0.6440335027844968,0.15936975116843377,0.014842131882791154,0.5276980536643124,0.36407819023147003,0.6612212396815074,0.16085628522801965,0.8095813447503623,0.4011562518533278,0.012256853467102258,0.050243025210848224,0.5495812569187156,0.23869296379535876,0.8096438312376224,0.5248174355246394,0.41977118435250027,0.04793731537054258],"biases":[0.6001390882107434,0.7060794463270788,0.5032135617299806,0.03266185711622205,0.8924959354508629,0.09135175095184178,0.6075909582273217,0.23947173955467338,0.03369462780036048,0.38081210327663706,0.5259199729437153]}